Changes,AvgQuality
0,1480.666667
2,1693.1
3,777.846
4,1483.5975
7,2887.92
8,1780.95
10,2998.0675
11,369.539
12,3350.985
13,3168.47
14,3109.73
16,1369.6965
17,2353.243333
18,2410.863333
19,2831.915
20,2739.316667
21,658.178
22,1190.14
23,2162.29
24,2586.435
25,1789.85
26,1628.66
27,2552.13
28,2570.98
29,2626.505
30,3168.91
31,2761.88
32,2255.47
33,2990.555
34,2472.9
35,2703.61
36,2386.755
37,2303.926667
39,2480.075
41,1161.7
43,1826.895
44,2180.545
45,1173.93
46,1980.4
48,2900.21
50,2988.24
51,1006.184
52,2431.32
55,2649.97
58,2839.11
59,2070.66
61,1607.77
68,1786.2
70,3285.35
73,1816.37
74,1864.34
77,2566.915
80,1902.27
81,2268.055
82,2868.67
83,797.829
86,1900.07
88,2923.41
90,1268.86
92,1048.36
93,2339.03
94,3353.75
97,1088.72
102,2624.08
104,1008.71
105,2537.315
107,2311.05
111,1355.65
112,1147.7
113,3092.23
115,2968.975
116,1493.572
119,2955.05
121,2958.7
123,2547.2
130,2913.18
131,2234
137,1952.09
139,1773.34
141,1672.47
146,2719.58
148,1372.08
152,2134.87
162,1912.59
166,3334.56
173,1112.16
204,4115.37
234,3915.88
235,2580.9
339,1553.59
356,2972.17
475,838.338
476,2597.4
673,1621.05
736,1499.86
